SET IDENTITY_INSERT [dbo].[EB_Estado] ON


INSERT INTO [dbo].[EB_Estado] ([EstadoID], [dsNome], [dsSigla])
VALUES 
  (1, N'MINAS GERAIS', N'MG')


SET IDENTITY_INSERT [dbo].[EB_Estado] OFF


SET IDENTITY_INSERT [dbo].[EB_Cidade] ON


INSERT INTO [dbo].[EB_Cidade] ([CidadeID], [EstadoID], [dsNome])
VALUES 
  (1, 1, N'MINHA CIDADE')


SET IDENTITY_INSERT [dbo].[EB_Cidade] OFF




SET IDENTITY_INSERT [dbo].[EB_Bairro] ON


INSERT INTO [dbo].[EB_Bairro] ([BairroID], [CidadeID], [dsNome], [nrTaxaEntrega])
VALUES 
  (1, 1, N'CENTRO', 2.5)


SET IDENTITY_INSERT [dbo].[EB_Bairro] OFF



SET IDENTITY_INSERT [dbo].[EB_Balcao] ON


INSERT INTO [dbo].[EB_Balcao] ([BalcaoID], [dsBalcao])
VALUES 
  (1, N'PRINCIPAL')


SET IDENTITY_INSERT [dbo].[EB_Balcao] OFF



SET IDENTITY_INSERT [dbo].[EB_CadastroMesa] ON


INSERT INTO [dbo].[EB_CadastroMesa] ([MesaID], [dsMesa])
VALUES 
  (1, N'Mesa')


INSERT INTO [dbo].[EB_CadastroMesa] ([MesaID], [dsMesa])
VALUES 
  (2, N'Mesa')


INSERT INTO [dbo].[EB_CadastroMesa] ([MesaID], [dsMesa])
VALUES 
  (3, N'Mesa')


INSERT INTO [dbo].[EB_CadastroMesa] ([MesaID], [dsMesa])
VALUES 
  (4, N'Mesa')


INSERT INTO [dbo].[EB_CadastroMesa] ([MesaID], [dsMesa])
VALUES 
  (5, N'Mesa')


INSERT INTO [dbo].[EB_CadastroMesa] ([MesaID], [dsMesa])
VALUES 
  (6, N'Mesa')


INSERT INTO [dbo].[EB_CadastroMesa] ([MesaID], [dsMesa])
VALUES 
  (7, N'Mesa')


INSERT INTO [dbo].[EB_CadastroMesa] ([MesaID], [dsMesa])
VALUES 
  (8, N'Mesa')


INSERT INTO [dbo].[EB_CadastroMesa] ([MesaID], [dsMesa])
VALUES 
  (9, N'Mesa')


INSERT INTO [dbo].[EB_CadastroMesa] ([MesaID], [dsMesa])
VALUES 
  (10, N'Mesa')


INSERT INTO [dbo].[EB_CadastroMesa] ([MesaID], [dsMesa])
VALUES 
  (11, N'Mesa')


INSERT INTO [dbo].[EB_CadastroMesa] ([MesaID], [dsMesa])
VALUES 
  (12, N'Mesa')


INSERT INTO [dbo].[EB_CadastroMesa] ([MesaID], [dsMesa])
VALUES 
  (13, N'Mesa')


INSERT INTO [dbo].[EB_CadastroMesa] ([MesaID], [dsMesa])
VALUES 
  (14, N'Mesa')


INSERT INTO [dbo].[EB_CadastroMesa] ([MesaID], [dsMesa])
VALUES 
  (15, N'Mesa')


INSERT INTO [dbo].[EB_CadastroMesa] ([MesaID], [dsMesa])
VALUES 
  (16, N'Mesa')


INSERT INTO [dbo].[EB_CadastroMesa] ([MesaID], [dsMesa])
VALUES 
  (17, N'Mesa')


INSERT INTO [dbo].[EB_CadastroMesa] ([MesaID], [dsMesa])
VALUES 
  (18, N'Mesa')


INSERT INTO [dbo].[EB_CadastroMesa] ([MesaID], [dsMesa])
VALUES 
  (19, N'Mesa')


INSERT INTO [dbo].[EB_CadastroMesa] ([MesaID], [dsMesa])
VALUES 
  (20, N'Mesa')


INSERT INTO [dbo].[EB_CadastroMesa] ([MesaID], [dsMesa])
VALUES 
  (21, N'Mesa')


INSERT INTO [dbo].[EB_CadastroMesa] ([MesaID], [dsMesa])
VALUES 
  (22, N'Mesa')


INSERT INTO [dbo].[EB_CadastroMesa] ([MesaID], [dsMesa])
VALUES 
  (23, N'Mesa')


INSERT INTO [dbo].[EB_CadastroMesa] ([MesaID], [dsMesa])
VALUES 
  (24, N'Mesa')


INSERT INTO [dbo].[EB_CadastroMesa] ([MesaID], [dsMesa])
VALUES 
  (25, N'Mesa')


INSERT INTO [dbo].[EB_CadastroMesa] ([MesaID], [dsMesa])
VALUES 
  (26, N'Mesa')


INSERT INTO [dbo].[EB_CadastroMesa] ([MesaID], [dsMesa])
VALUES 
  (27, N'Mesa')


INSERT INTO [dbo].[EB_CadastroMesa] ([MesaID], [dsMesa])
VALUES 
  (28, N'Mesa')


INSERT INTO [dbo].[EB_CadastroMesa] ([MesaID], [dsMesa])
VALUES 
  (29, N'Mesa')


INSERT INTO [dbo].[EB_CadastroMesa] ([MesaID], [dsMesa])
VALUES 
  (30, N'Mesa')


INSERT INTO [dbo].[EB_CadastroMesa] ([MesaID], [dsMesa])
VALUES 
  (31, N'Mesa')


INSERT INTO [dbo].[EB_CadastroMesa] ([MesaID], [dsMesa])
VALUES 
  (32, N'Mesa')


INSERT INTO [dbo].[EB_CadastroMesa] ([MesaID], [dsMesa])
VALUES 
  (33, N'Mesa')


INSERT INTO [dbo].[EB_CadastroMesa] ([MesaID], [dsMesa])
VALUES 
  (34, N'Mesa')


INSERT INTO [dbo].[EB_CadastroMesa] ([MesaID], [dsMesa])
VALUES 
  (35, N'Mesa')


INSERT INTO [dbo].[EB_CadastroMesa] ([MesaID], [dsMesa])
VALUES 
  (36, N'Mesa')


INSERT INTO [dbo].[EB_CadastroMesa] ([MesaID], [dsMesa])
VALUES 
  (37, N'Mesa')


INSERT INTO [dbo].[EB_CadastroMesa] ([MesaID], [dsMesa])
VALUES 
  (38, N'Mesa')


INSERT INTO [dbo].[EB_CadastroMesa] ([MesaID], [dsMesa])
VALUES 
  (39, N'Mesa')


INSERT INTO [dbo].[EB_CadastroMesa] ([MesaID], [dsMesa])
VALUES 
  (40, N'Mesa')


INSERT INTO [dbo].[EB_CadastroMesa] ([MesaID], [dsMesa])
VALUES 
  (41, N'Mesa')


INSERT INTO [dbo].[EB_CadastroMesa] ([MesaID], [dsMesa])
VALUES 
  (42, N'Mesa')


INSERT INTO [dbo].[EB_CadastroMesa] ([MesaID], [dsMesa])
VALUES 
  (43, N'Mesa')


INSERT INTO [dbo].[EB_CadastroMesa] ([MesaID], [dsMesa])
VALUES 
  (44, N'Mesa')


INSERT INTO [dbo].[EB_CadastroMesa] ([MesaID], [dsMesa])
VALUES 
  (45, N'Mesa')


INSERT INTO [dbo].[EB_CadastroMesa] ([MesaID], [dsMesa])
VALUES 
  (46, N'Mesa')


INSERT INTO [dbo].[EB_CadastroMesa] ([MesaID], [dsMesa])
VALUES 
  (47, N'Mesa')


INSERT INTO [dbo].[EB_CadastroMesa] ([MesaID], [dsMesa])
VALUES 
  (48, N'Mesa')


INSERT INTO [dbo].[EB_CadastroMesa] ([MesaID], [dsMesa])
VALUES 
  (49, N'Mesa')


INSERT INTO [dbo].[EB_CadastroMesa] ([MesaID], [dsMesa])
VALUES 
  (50, N'Mesa')


INSERT INTO [dbo].[EB_CadastroMesa] ([MesaID], [dsMesa])
VALUES 
  (51, N'Mesa')


INSERT INTO [dbo].[EB_CadastroMesa] ([MesaID], [dsMesa])
VALUES 
  (52, N'Mesa')


INSERT INTO [dbo].[EB_CadastroMesa] ([MesaID], [dsMesa])
VALUES 
  (53, N'Mesa')


INSERT INTO [dbo].[EB_CadastroMesa] ([MesaID], [dsMesa])
VALUES 
  (54, N'Mesa')


INSERT INTO [dbo].[EB_CadastroMesa] ([MesaID], [dsMesa])
VALUES 
  (55, N'Mesa')


INSERT INTO [dbo].[EB_CadastroMesa] ([MesaID], [dsMesa])
VALUES 
  (56, N'Mesa')


INSERT INTO [dbo].[EB_CadastroMesa] ([MesaID], [dsMesa])
VALUES 
  (57, N'Mesa')


INSERT INTO [dbo].[EB_CadastroMesa] ([MesaID], [dsMesa])
VALUES 
  (58, N'Mesa')


INSERT INTO [dbo].[EB_CadastroMesa] ([MesaID], [dsMesa])
VALUES 
  (59, N'Mesa')


INSERT INTO [dbo].[EB_CadastroMesa] ([MesaID], [dsMesa])
VALUES 
  (60, N'Mesa')


INSERT INTO [dbo].[EB_CadastroMesa] ([MesaID], [dsMesa])
VALUES 
  (61, N'Mesa')


INSERT INTO [dbo].[EB_CadastroMesa] ([MesaID], [dsMesa])
VALUES 
  (62, N'Mesa')


INSERT INTO [dbo].[EB_CadastroMesa] ([MesaID], [dsMesa])
VALUES 
  (63, N'Mesa')


INSERT INTO [dbo].[EB_CadastroMesa] ([MesaID], [dsMesa])
VALUES 
  (64, N'Mesa')


INSERT INTO [dbo].[EB_CadastroMesa] ([MesaID], [dsMesa])
VALUES 
  (65, N'Mesa')


INSERT INTO [dbo].[EB_CadastroMesa] ([MesaID], [dsMesa])
VALUES 
  (66, N'Mesa')


INSERT INTO [dbo].[EB_CadastroMesa] ([MesaID], [dsMesa])
VALUES 
  (67, N'Mesa')


INSERT INTO [dbo].[EB_CadastroMesa] ([MesaID], [dsMesa])
VALUES 
  (68, N'Mesa')


INSERT INTO [dbo].[EB_CadastroMesa] ([MesaID], [dsMesa])
VALUES 
  (69, N'Mesa')


INSERT INTO [dbo].[EB_CadastroMesa] ([MesaID], [dsMesa])
VALUES 
  (70, N'Mesa')


SET IDENTITY_INSERT [dbo].[EB_CadastroMesa] OFF








INSERT INTO [dbo].[EB_ConfiguracoesSistema] ([ConfID], [impressaoCabecalho], [impressaoRodape], [flTaxaServicoAtiva], [ServidorIP], [ServidorPorta])
VALUES 
  (1, N'MINHA EMPRESA XXXX-XXXX  CNPJ. 0000000/0000.00      AV. XXXXXXXXXXX 1790  CIDADE UF', N'JÁ ESTAMOS  SERVINDO  ALMOÇO    11.00 HRS  ÁS 14.0 0 SEGUNDA  A  SABADO', 1, NULL, NULL)




SET IDENTITY_INSERT [dbo].[EB_ContaCorrente] ON


INSERT INTO [dbo].[EB_ContaCorrente] ([ContaID], [dsDescricao], [nrContaNumero], [dtReferencia], [mnSaldoInicial], [mnLimite], [dsAgencia], [dsNomeGerente], [nrTelefone], [dtCadastro])
VALUES 
  (1, N'CONTA CORRENTE 1', 0, '20111117 11:15:15.490', 0, 0, N'', N'', N'', '20111117 11:15:15.490')


SET IDENTITY_INSERT [dbo].[EB_ContaCorrente] OFF


SET IDENTITY_INSERT [dbo].[EB_ContasDestDesconto] ON


INSERT INTO [dbo].[EB_ContasDestDesconto] ([DestDescontoID], [dsDestinoDesconto])
VALUES 
  (1, N'CAIXA')


INSERT INTO [dbo].[EB_ContasDestDesconto] ([DestDescontoID], [dsDestinoDesconto])
VALUES 
  (2, N'BANCO')


SET IDENTITY_INSERT [dbo].[EB_ContasDestDesconto] OFF



SET IDENTITY_INSERT [dbo].[EB_Empresa] ON


INSERT INTO [dbo].[EB_Empresa] ([EmpresaID], [dsNomeFantasia], [dsRazaoSocial], [nrCnpj], [tel1], [tel2], [cel], [dsEmail], [dsEndereco], [dsBairro], [DsCidade], [siglaUF], [inscEstadual])
VALUES 
  (1, N'MINHA EMPRESA', N'PROPRIETÁRIO', N'00000000/0001-00', N'(xx) xxxx-xxxx', N'(xx) xxxx-xxxx', N'', N'', N'AV. ', N'CENTRO', N'CIDADE', N'MG', N'000000000')


SET IDENTITY_INSERT [dbo].[EB_Empresa] OFF










SET IDENTITY_INSERT [dbo].[EB_FormaPagamentoCondicao] ON


INSERT INTO [dbo].[EB_FormaPagamentoCondicao] ([CondicaoID], [dsCondicaoPagamento])
VALUES 
  (1, N'A VISTA')


INSERT INTO [dbo].[EB_FormaPagamentoCondicao] ([CondicaoID], [dsCondicaoPagamento])
VALUES 
  (2, N'A PRAZO')


INSERT INTO [dbo].[EB_FormaPagamentoCondicao] ([CondicaoID], [dsCondicaoPagamento])
VALUES 
  (3, N'CONSUMO INTERNO')


SET IDENTITY_INSERT [dbo].[EB_FormaPagamentoCondicao] OFF


SET IDENTITY_INSERT [dbo].[EB_FormaPagamento] ON


INSERT INTO [dbo].[EB_FormaPagamento] ([FormaPagamentoID], [CondicaoID], [dsForma], [ordem], [flMostrarnoContas], [dtCadastro], [Flexcluido])
VALUES 
  (1, 1, N'DINHEIRO', 1, 1, '20111117 11:15:15.213', 0)


INSERT INTO [dbo].[EB_FormaPagamento] ([FormaPagamentoID], [CondicaoID], [dsForma], [ordem], [flMostrarnoContas], [dtCadastro], [Flexcluido])
VALUES 
  (2, 1, N'CHEQUE', 2, 1, '20111117 11:15:15.213', 0)


INSERT INTO [dbo].[EB_FormaPagamento] ([FormaPagamentoID], [CondicaoID], [dsForma], [ordem], [flMostrarnoContas], [dtCadastro], [Flexcluido])
VALUES 
  (3, 1, N'CARTÃO', 3, 1, '20111117 11:15:15.213', 0)


INSERT INTO [dbo].[EB_FormaPagamento] ([FormaPagamentoID], [CondicaoID], [dsForma], [ordem], [flMostrarnoContas], [dtCadastro], [Flexcluido])
VALUES 
  (4, 1, N'CHEQUE PRÉ', 4, 1, '20111117 11:15:15.217', 0)


INSERT INTO [dbo].[EB_FormaPagamento] ([FormaPagamentoID], [CondicaoID], [dsForma], [ordem], [flMostrarnoContas], [dtCadastro], [Flexcluido])
VALUES 
  (5, 1, N'TICKET', 5, 1, '20111117 11:15:15.217', 0)


INSERT INTO [dbo].[EB_FormaPagamento] ([FormaPagamentoID], [CondicaoID], [dsForma], [ordem], [flMostrarnoContas], [dtCadastro], [Flexcluido])
VALUES 
  (6, 3, N'CONSUMO INTERNO', 6, 0, '20111117 11:15:15.217', 0)


INSERT INTO [dbo].[EB_FormaPagamento] ([FormaPagamentoID], [CondicaoID], [dsForma], [ordem], [flMostrarnoContas], [dtCadastro], [Flexcluido])
VALUES 
  (7, 2, N'CONVÊNIO', 7, 0, '20111117 11:15:15.217', 0)


SET IDENTITY_INSERT [dbo].[EB_FormaPagamento] OFF


SET IDENTITY_INSERT [dbo].[EB_Fornecedor] ON



INSERT INTO [dbo].[EB_Fornecedor] ([FornecedorID], [dsNomeFantasia], [dsRazaoSocial], [nrCNPJ], [nrInsEstadual], [nrTelefone], [nrFax], [nrCelular], [nrNomeContato], [dsLogradouro], [dsCidade], [dsUfEstado], [nrCEP], [dsEmail], [dsSite], [dsObservacao], [dtCadastro])
VALUES 
  (1, N'COCA COLA', N'', 0, 0, N'(XX)     -', N'(XX)     -', NULL, N'', N'', N'', N'', N'', NULL, N'', N'', '20140902 23:37:56.380')


SET IDENTITY_INSERT [dbo].[EB_Fornecedor] OFF



SET IDENTITY_INSERT [dbo].[EB_Garcon] ON


INSERT INTO [dbo].[EB_Garcon] ([GarconID], [dsNome], [dsEndereco], [nrTelefone], [nrCelular], [nrComissao], [dtCadastro])
VALUES 
  (1, N'GARÇON 1', N'', N'', N'(XX) XXXX-XXXX', 10, '20111117 11:15:15.457')



SET IDENTITY_INSERT [dbo].[EB_Garcon] OFF



SET IDENTITY_INSERT [dbo].[EB_GrupoProduto] ON


INSERT INTO [dbo].[EB_GrupoProduto] ([GrupoID], [dsGrupo], [pai], [flExcluido])
VALUES 
  (1, N'BEBIDAS', NULL, 0)


INSERT INTO [dbo].[EB_GrupoProduto] ([GrupoID], [dsGrupo], [pai], [flExcluido])
VALUES 
  (2, N'PRATOS', NULL, 0)


INSERT INTO [dbo].[EB_GrupoProduto] ([GrupoID], [dsGrupo], [pai], [flExcluido])
VALUES 
  (3, N'ADICIONAIS', NULL, 0)


INSERT INTO [dbo].[EB_GrupoProduto] ([GrupoID], [dsGrupo], [pai], [flExcluido])
VALUES 
  (4, N'DIVERSOS', 4, 0)


SET IDENTITY_INSERT [dbo].[EB_GrupoProduto] OFF



SET IDENTITY_INSERT [dbo].[EB_LancamentoStatus] ON


INSERT INTO [dbo].[EB_LancamentoStatus] ([StatusID], [dsStatus])
VALUES 
  (1, N'ABERTO')


INSERT INTO [dbo].[EB_LancamentoStatus] ([StatusID], [dsStatus])
VALUES 
  (2, N'FECHANDO')


INSERT INTO [dbo].[EB_LancamentoStatus] ([StatusID], [dsStatus])
VALUES 
  (3, N'FECHADO')


SET IDENTITY_INSERT [dbo].[EB_LancamentoStatus] OFF



SET IDENTITY_INSERT [dbo].[EB_OrigemProduto] ON


INSERT INTO [dbo].[EB_OrigemProduto] ([OrigemID], [dsOrigem], [dsImpressora], [flMostrar], [impressaoObrigatoria], [impressoraPedidos], [tamanhoPapelImpressoraMilimetros], [flPossuiAcentuacao])
VALUES 
  (1, N'BAR', N'Bar', 1, 0, 1, 50, 0)


INSERT INTO [dbo].[EB_OrigemProduto] ([OrigemID], [dsOrigem], [dsImpressora], [flMostrar], [impressaoObrigatoria], [impressoraPedidos], [tamanhoPapelImpressoraMilimetros], [flPossuiAcentuacao])
VALUES 
  (2, N'CHAPA', N'pedido', 1, 1, 0, 48, 0)


INSERT INTO [dbo].[EB_OrigemProduto] ([OrigemID], [dsOrigem], [dsImpressora], [flMostrar], [impressaoObrigatoria], [impressoraPedidos], [tamanhoPapelImpressoraMilimetros], [flPossuiAcentuacao])
VALUES 
  (3, N'COZINHA', N'pedido', 1, 1, 0, 48, 0)


SET IDENTITY_INSERT [dbo].[EB_OrigemProduto] OFF



SET IDENTITY_INSERT [dbo].[EB_TipoLancto] ON


INSERT INTO [dbo].[EB_TipoLancto] ([TipoLanctoID], [dsTipoLancto])
VALUES 
  (1, N'RECEITA')


INSERT INTO [dbo].[EB_TipoLancto] ([TipoLanctoID], [dsTipoLancto])
VALUES 
  (2, N'DESPESA')


SET IDENTITY_INSERT [dbo].[EB_TipoLancto] OFF


SET IDENTITY_INSERT [dbo].[EB_PlanoContas] ON


INSERT INTO [dbo].[EB_PlanoContas] ([PlanoContaID], [TipoLanctoID], [Pai], [dsPlanoConta], [flPadraoSaida])
VALUES 
  (1, 2, NULL, N'VENDAS', 1)


INSERT INTO [dbo].[EB_PlanoContas] ([PlanoContaID], [TipoLanctoID], [Pai], [dsPlanoConta], [flPadraoSaida])
VALUES 
  (2, 2, NULL, N'MOVIMENTAÇÃO NO ESTOQUE', 1)


INSERT INTO [dbo].[EB_PlanoContas] ([PlanoContaID], [TipoLanctoID], [Pai], [dsPlanoConta], [flPadraoSaida])
VALUES 
  (3, 1, NULL, N'RECEBIMENTOS', 1)


INSERT INTO [dbo].[EB_PlanoContas] ([PlanoContaID], [TipoLanctoID], [Pai], [dsPlanoConta], [flPadraoSaida])
VALUES 
  (4, 2, NULL, N'DESPESAS DE FUNCIONÁRIOS', 1)


INSERT INTO [dbo].[EB_PlanoContas] ([PlanoContaID], [TipoLanctoID], [Pai], [dsPlanoConta], [flPadraoSaida])
VALUES 
  (5, 2, 4, N'COMISSÃO DO GARÇON', 1)


SET IDENTITY_INSERT [dbo].[EB_PlanoContas] OFF



SET IDENTITY_INSERT [dbo].[EB_TipoProduto] ON


INSERT INTO [dbo].[EB_TipoProduto] ([TipoProdutoID], [dsTipoProduto])
VALUES 
  (1, N'PP - PRODUTO PRONTO')


INSERT INTO [dbo].[EB_TipoProduto] ([TipoProdutoID], [dsTipoProduto])
VALUES 
  (2, N'PC - PRODUTO COMPOSTO')


INSERT INTO [dbo].[EB_TipoProduto] ([TipoProdutoID], [dsTipoProduto])
VALUES 
  (3, N'MP - MATÉRIA PRIMA')


SET IDENTITY_INSERT [dbo].[EB_TipoProduto] OFF





INSERT INTO [dbo].[EB_Produto] ([ProdutoID], [nrCodigoBarras], [OrigemID], [GrupoID], [FornecedorID], [TipoProdutoID], [dsProduto], [nrUnidade], [nrPrecoCusto], [nrPrecoVenda], [nrEstoqueMin], [nrEstoqueMax], [nrEstoqueAtual], [dtCadastro], [flExcluido])
VALUES 
  (1, NULL, 2, 2, 1, 1, N'PRODUTO 1', 0, 4, 11.75, 0, 0, 2, '20101228', 0)











SET IDENTITY_INSERT [dbo].[EB_TipoVenda] ON


INSERT INTO [dbo].[EB_TipoVenda] ([TipoVendaID], [dsTipoVenda], [dtCadastro])
VALUES 
  (1, N'MESA', '20111117 11:15:15.247')


INSERT INTO [dbo].[EB_TipoVenda] ([TipoVendaID], [dsTipoVenda], [dtCadastro])
VALUES 
  (2, N'BALCÃO', '20111117 11:15:15.247')


INSERT INTO [dbo].[EB_TipoVenda] ([TipoVendaID], [dsTipoVenda], [dtCadastro])
VALUES 
  (3, N'ENTREGA', '20111117 11:15:15.247')


INSERT INTO [dbo].[EB_TipoVenda] ([TipoVendaID], [dsTipoVenda], [dtCadastro])
VALUES 
  (4, N'VENDA RÁPIDA', '20111117 11:15:15.250')


INSERT INTO [dbo].[EB_TipoVenda] ([TipoVendaID], [dsTipoVenda], [dtCadastro])
VALUES 
  (5, N'COMANDA', '20120113 18:41:42.253')


SET IDENTITY_INSERT [dbo].[EB_TipoVenda] OFF



SET IDENTITY_INSERT [dbo].[EB_Usuario] ON


INSERT INTO [dbo].[EB_Usuario] ([UsuarioID], [EmpresaID], [dsNome], [dsLogin], [dsSenha], [nrStatus])
VALUES 
  (1, 1, N'ADMIN', N'ADMIN', N'123', 1)


SET IDENTITY_INSERT [dbo].[EB_Usuario] OFF





